run_id,tags.mlflow.runName,pr_auc,roc_auc,f1_score,model_name
12162dd4a8494bcc9e2053a34bb41863,LogisticRegression_Balanced,0.727507406853001,0.8637422360248447,0.6624203821656051,LogisticRegression_Balanced
fa82b79f666c494590b48843e51536e3,RandomForest_Tuned,0.7061643601272117,0.8618012422360248,0.624,RandomForest_Tuned
